{
  "qualities": [
    3,
    5,
    8,
    12,
    20,
    32,
    50
  ],
  "results": {
    "baseline": [
      {
        "quality": 3,
        "bpp": 0.09954013392426034,
        "rgb_psnr": 22.37263244654577,
        "msssim": 0.8044684678316116,
        "per_img": {
          "bpp": [
            0.11990489130434782,
            0.07669495103005741,
            0.07531156994047619,
            0.12624912342215988
          ],
          "rgb_psnr": [
            21.723286061354763,
            23.663040048917246,
            24.43582921712245,
            19.668374458788623
          ],
          "msssim": [
            0.7875966429710388,
            0.7808150053024292,
            0.8215024471282959,
            0.8279597759246826
          ],
          "vmaf": [
            23.168981,
            64.060571,
            54.967222,
            61.113203
          ],
          "vmaf_neg": [
            21.466923,
            61.808215,
            53.453134,
            59.160111
          ]
        },
        "vmaf": 50.82749425,
        "vmaf_neg": 48.97209575
      },
      {
        "quality": 5,
        "bpp": 0.1446220139833061,
        "rgb_psnr": 24.107939848472988,
        "msssim": 0.871610015630722,
        "per_img": {
          "bpp": [
            0.17757107023411373,
            0.10386060452549814,
            0.09919084821428571,
            0.1978655329593268
          ],
          "rgb_psnr": [
            23.131568689087953,
            25.743704258911055,
            26.556158260621885,
            21.000328185271066
          ],
          "msssim": [
            0.8664678931236267,
            0.8544822931289673,
            0.8755666017532349,
            0.8899232745170593
          ],
          "vmaf": [
            27.881099,
            71.976379,
            66.869601,
            70.094189
          ],
          "vmaf_neg": [
            25.690583,
            69.799072,
            63.815874,
            67.870614
          ]
        },
        "vmaf": 59.205317,
        "vmaf_neg": 56.794035750000006
      },
      {
        "quality": 8,
        "bpp": 0.21370560060227617,
        "rgb_psnr": 25.918848820272476,
        "msssim": 0.9206800758838654,
        "per_img": {
          "bpp": [
            0.26826400501672243,
            0.147975768321513,
            0.13677687872023808,
            0.3018057503506311
          ],
          "rgb_psnr": [
            24.580836422075187,
            27.857065201103488,
            28.836353024330514,
            22.40114063358071
          ],
          "msssim": [
            0.9196594953536987,
            0.9065149426460266,
            0.9232508540153503,
            0.9332950115203857
          ],
          "vmaf": [
            35.863611,
            84.754852,
            77.802744,
            81.505897
          ],
          "vmaf_neg": [
            33.405632,
            82.140455,
            74.52945,
            79.38523
          ]
        },
        "vmaf": 69.981776,
        "vmaf_neg": 67.36519175000001
      },
      {
        "quality": 12,
        "bpp": 0.2983589843002282,
        "rgb_psnr": 27.439155440017615,
        "msssim": 0.9490289092063904,
        "per_img": {
          "bpp": [
            0.3758622491638796,
            0.2058109591354272,
            0.18329148065476192,
            0.4284712482468443
          ],
          "rgb_psnr": [
            25.83346474604121,
            29.71189791765232,
            30.689820161988017,
            23.52143893438893
          ],
          "msssim": [
            0.9470502734184265,
            0.938554048538208,
            0.9539267420768738,
            0.9565845727920532
          ],
          "vmaf": [
            45.913174,
            94.61369,
            90.668615,
            91.59227
          ],
          "vmaf_neg": [
            42.982913,
            92.189383,
            87.727372,
            89.636698
          ]
        },
        "vmaf": 80.69693724999999,
        "vmaf_neg": 78.13409150000001
      },
      {
        "quality": 20,
        "bpp": 0.44458950131356406,
        "rgb_psnr": 29.313373404024066,
        "msssim": 0.970630094408989,
        "per_img": {
          "bpp": [
            0.5659228678929766,
            0.3020516717325228,
            0.26719447544642855,
            0.6431889901823282
          ],
          "rgb_psnr": [
            27.36835536153661,
            31.971943282886343,
            33.03036173042316,
            24.882833241250143
          ],
          "msssim": [
            0.9704586267471313,
            0.9626535177230835,
            0.9744667410850525,
            0.9749414920806885
          ],
          "vmaf": [
            60.146225,
            100.0,
            100.0,
            100.0
          ],
          "vmaf_neg": [
            57.112443,
            100.0,
            100.0,
            100.0
          ]
        },
        "vmaf": 90.03655625,
        "vmaf_neg": 89.27811075
      },
      {
        "quality": 32,
        "bpp": 0.6304376562582393,
        "rgb_psnr": 30.74934346139569,
        "msssim": 0.9819274693727493,
        "per_img": {
          "bpp": [
            0.8029630016722408,
            0.4367928909152313,
            0.3723260788690476,
            0.9096686535764376
          ],
          "rgb_psnr": [
            28.756710596974088,
            33.35336637580627,
            34.69121193597629,
            26.196084936826107
          ],
          "msssim": [
            0.9820364117622375,
            0.9760885834693909,
            0.9848452806472778,
            0.9847396016120911
          ],
          "vmaf": [
            72.046126,
            100.0,
            100.0,
            100.0
          ],
          "vmaf_neg": [
            69.078385,
            100.0,
            100.0,
            100.0
          ]
        },
        "vmaf": 93.0115315,
        "vmaf_neg": 92.26959625
      },
      {
        "quality": 50,
        "bpp": 0.865490040772433,
        "rgb_psnr": 32.04875335830558,
        "msssim": 0.9886811226606369,
        "per_img": {
          "bpp": [
            1.0884458612040133,
            0.6247994765281999,
            0.5203334263392857,
            1.2283813990182328
          ],
          "rgb_psnr": [
            30.062065302973036,
            34.63068761635051,
            35.97901653346483,
            27.52324398043397
          ],
          "msssim": [
            0.9887879490852356,
            0.9848225116729736,
            0.9903241395950317,
            0.9907898902893066
          ],
          "vmaf": [
            80.46336,
            100.0,
            100.0,
            100.0
          ],
          "vmaf_neg": [
            77.845576,
            100.0,
            100.0,
            100.0
          ]
        },
        "vmaf": 95.11583999999999,
        "vmaf_neg": 94.461394
      }
    ],
    "champ": [
      {
        "quality": 3,
        "bpp": 0.09482517678870364,
        "rgb_psnr": 22.335350381587197,
        "msssim": 0.8014121502637863,
        "per_img": {
          "bpp": [
            0.1141826923076923,
            0.07580842620736238,
            0.07548595610119048,
            0.11382363253856942
          ],
          "rgb_psnr": [
            21.668884404898744,
            23.641394609627,
            24.423155503624802,
            19.60796700819824
          ],
          "msssim": [
            0.7847689986228943,
            0.7766456604003906,
            0.8214260339736938,
            0.8228079080581665
          ],
          "vmaf": [
            19.260936,
            61.401796,
            54.080297,
            57.1655
          ],
          "vmaf_neg": [
            18.413522,
            59.517459,
            52.29736,
            55.850398
          ]
        },
        "vmaf": 47.977132250000004,
        "vmaf_neg": 46.519684749999996
      },
      {
        "quality": 5,
        "bpp": 0.13787022192545278,