{
  "per_clip": {
    "aspen_1080p": {
      "rho": 0.43333333333333335,
      "pair_acc": 0.6666666666666666,
      "real_iso": {
        "identity": 0.0,
        "blur": -12.640488231586291,
        "g0": 1.4444499110808273,
        "g2x0.5": 1.4334340189374994,
        "g2": 2.8364862016805836,
        "g2x1.5": 3.879780146617157,
        "g2x2": 4.467653610445687,
        "g5": 2.79187481587222,
        "sharpen": 0.725365335857314
      },
      "proxy_iso": {
        "identity": 0.0,
        "blur": -16.36118079346553,
        "g0": 0.679144131275144,
        "g2x0.5": 1.0077217046947862,
        "g2": 1.0279093892558275,
        "g2x1.5": 0.5362380591990286,
        "g2x2": -0.22466960991333335,
        "g5": 1.024746833325645,
        "sharpen": -8.509245807702682
      }
    },
    "red_kayak_1080p": {
      "rho": 0.43333333333333335,
      "pair_acc": 0.6666666666666666,
      "real_iso": {
        "identity": 0.0,
        "blur": -19.19140095153901,
        "g0": 0.12380101529394483,
        "g2x0.5": 1.2257578264334146,
        "g2": 2.3195452730014443,
        "g2x1.5": 3.0217321389657115,
        "g2x2": 3.665101665719012,
        "g5": 2.3349962060122302,
        "sharpen": -4.918049144261356
      },
      "proxy_iso": {
        "identity": 0.0,
        "blur": -27.96136061445136,
        "g0": 0.0963307888313154,
        "g2x0.5": 0.12922565449954967,
        "g2": 0.13625742003169536,
        "g2x1.5": 0.07120241580587847,
        "g2x2": -0.03795915844905394,
        "g5": 0.12821623209759714,
        "sharpen": -11.625207829686367
      }
    },
    "west_wind_easy_1080p": {
      "rho": 0.38333333333333336,
      "pair_acc": 0.6111111111111112,
      "real_iso": {
        "identity": 0.0,
        "blur": -20.43732868953841,
        "g0": 0.5880573396846372,
        "g2x0.5": 0.9181920779207232,
        "g2": 1.7842658675143113,
        "g2x1.5": 2.414773466251665,
        "g2x2": 2.6681487173239735,
        "g5": 1.530723181424727,
        "sharpen": -0.7693410689991205
      },
      "proxy_iso": {
        "identity": 0.0,
        "blur": -26.35696742587974,
        "g0": -0.012931659351867832,
        "g2x0.5": 0.0725987857533779,
        "g2": 0.057143592529080495,
        "g2x1.5": -0.003994748105162829,
        "g2x2": -0.09270942669631388,
        "g5": 0.07194873906277682,
        "sharpen": -6.669060767375914
      }
    },
    "controlled_burn_1080p": {
      "rho": 0.38333333333333336,
      "pair_acc": 0.6111111111111112,
      "real_iso": {
        "identity": 0.0,
        "blur": -13.072643838985048,
        "g0": 0.967246002493129,
        "g2x0.5": 0.9603130851994367,
        "g2": 1.7981804221986026,
        "g2x1.5": 2.333189563258116,
        "g2x2": 2.7329184626808853,
        "g5": 1.6348143663385195,
        "sharpen": -0.4049626580214509
      },
      "proxy_iso": {
        "identity": 0.0,
        "blur": -27.6674003232233,
        "g0": -0.3749025617691654,
        "g2x0.5": 0.6420533426389619,
        "g2": 0.6016252353673288,
        "g2x1.5": 0.18921471454300454,
        "g2x2": -0.423701517539287,
        "g5": 0.6132067238898506,
        "sharpen": -15.138956765565416
      }
    }
  },
  "mean_rho": 0.4083333333333333,
  "mean_pair_acc": 0.6388888888888888,
  "cands": [
    "identity",
    "blur",
    "g0",
    "g2x0.5",
    "g2",
    "g2x1.5",
    "g2x2",
    "g5",
    "sharpen"
  ],
  "proxy_ckpt": "/workspace/sandwiched_compression/dpp/runs/s2_lam0.01_g2/model.pt"
}