{
  "per_clip": {
    "aspen_1080p": {
      "rho": 0.9666666666666667,
      "pair_acc": 0.9444444444444444,
      "real_iso": {
        "identity": 0.0,
        "blur": -12.640488231586291,
        "g0": 1.4444499110808273,
        "g2x0.5": 1.4334340189374994,
        "g2": 2.8364862016805836,
        "g2x1.5": 3.879780146617157,
        "g2x2": 4.467653610445687,
        "g5": 2.79187481587222,
        "sharpen": 0.725365335857314
      },
      "proxy_iso": {
        "identity": 0.0,
        "blur": -12.045179922518013,
        "g0": 1.692115935687248,
        "g2x0.5": 1.7771995491660408,
        "g2": 3.2025130572263714,
        "g2x1.5": 4.223682905504639,
        "g2x2": 4.879764670418642,
        "g5": 3.1134773335809873,
        "sharpen": -3.662641454831551
      }
    },
    "red_kayak_1080p": {
      "rho": 0.9833333333333333,
      "pair_acc": 0.9722222222222222,
      "real_iso": {
        "identity": 0.0,
        "blur": -19.19140095153901,
        "g0": 0.12380101529394483,
        "g2x0.5": 1.2257578264334146,
        "g2": 2.3195452730014443,
        "g2x1.5": 3.0217321389657115,
        "g2x2": 3.665101665719012,
        "g5": 2.3349962060122302,
        "sharpen": -4.918049144261356
      },
      "proxy_iso": {
        "identity": 0.0,
        "blur": -21.14717139538733,
        "g0": 1.1286056596659089,
        "g2x0.5": 1.603729014542527,
        "g2": 2.855630499687487,
        "g2x1.5": 3.774020304628115,
        "g2x2": 4.333004946200507,
        "g5": 2.6589338473356325,
        "sharpen": -17.633632180525424
      }
    },
    "west_wind_easy_1080p": {
      "rho": 1.0,
      "pair_acc": 1.0,
      "real_iso": {
        "identity": 0.0,
        "blur": -20.43732868953841,
        "g0": 0.5880573396846372,
        "g2x0.5": 0.9181920779207232,
        "g2": 1.7842658675143113,
        "g2x1.5": 2.414773466251665,
        "g2x2": 2.6681487173239735,
        "g5": 1.530723181424727,
        "sharpen": -0.7693410689991205
      },
      "proxy_iso": {
        "identity": 0.0,
        "blur": -24.44028673703355,
        "g0": 0.8370713263407971,
        "g2x0.5": 1.1599296984698675,
        "g2": 1.9156433297298112,
        "g2x1.5": 2.3278406380878907,
        "g2x2": 2.4820497302294524,
        "g5": 1.8901512657152422,
        "sharpen": -10.26808476156226
      }
    },
    "controlled_burn_1080p": {
      "rho": 1.0,
      "pair_acc": 1.0,
      "real_iso": {
        "identity": 0.0,
        "blur": -13.072643838985048,
        "g0": 0.967246002493129,
        "g2x0.5": 0.9603130851994367,
        "g2": 1.7981804221986026,
        "g2x1.5": 2.333189563258116,
        "g2x2": 2.7329184626808853,
        "g5": 1.6348143663385195,
        "sharpen": -0.4049626580214509
      },
      "proxy_iso": {
        "identity": 0.0,
        "blur": -18.587726913902053,
        "g0": 1.0588914129155487,
        "g2x0.5": 0.9490246753488027,
        "g2": 1.6101086678749859,
        "g2x1.5": 1.9543752655171942,
        "g2x2": 2.085234757765062,
        "g5": 1.4677428855359362,
        "sharpen": -14.342153057425515
      }
    }
  },
  "mean_rho": 0.9875,
  "mean_pair_acc": 0.9791666666666666,
  "cands": [
    "identity",
    "blur",
    "g0",
    "g2x0.5",
    "g2",
    "g2x1.5",
    "g2x2",
    "g5",
    "sharpen"
  ],
  "proxy_ckpt": "/workspace/sandwiched_compression/dpp/runs/s2_lam0.01_g2/model.pt"
}