{
  "tags": [
    "g0",
    "g05",
    "g2",
    "g5"
  ],
  "bd": {
    "ssim": {
      "mean": -3.5144227363864773,
      "per_clip": {
        "aspen_1080p": -3.6057720985724906,
        "red_kayak_1080p": -3.734368241162078,
        "west_wind_easy_1080p": -2.5016611555809587,
        "controlled_burn_1080p": -4.215889450230382
      }
    },
    "vmaf_neg": {
      "mean": -9.78986372256395,
      "per_clip": {
        "aspen_1080p": -13.086871141807821,
        "red_kayak_1080p": -6.065327766441797,
        "west_wind_easy_1080p": -5.937190654590108,
        "controlled_burn_1080p": -14.070065327416081
      }
    },
    "vmaf": {
      "mean": -15.76584510263329,
      "per_clip": {
        "aspen_1080p": -21.163883207304156,
        "red_kayak_1080p": -7.5378111439936335,
        "west_wind_easy_1080p": -11.104579246379542,
        "controlled_burn_1080p": -23.25710681285583
      }
    }
  },
  "bd_per_tag": {
    "g0": {
      "ssim": -2.1182741021774643,
      "vmaf_neg": -3.9515122879293822,
      "vmaf": -6.70956051272656
    },
    "g05": {
      "ssim": -3.0073363654720078,
      "vmaf_neg": -8.486572484309967,
      "vmaf": -14.02409069973892
    },
    "g2": {
      "ssim": -2.4328870643991585,
      "vmaf_neg": -9.091245533906722,
      "vmaf": -14.933597865998312
    },
    "g5": {
      "ssim": -2.1150975506162544,
      "vmaf_neg": -9.122478229839247,
      "vmaf": -14.484839233885138
    }
  }
}