{
  "tags": [
    "bg05",
    "bg2"
  ],
  "bd": {
    "ssim": {
      "mean": -3.9955521345890506,
      "per_clip": {
        "aspen_1080p": -4.7858908022615605,
        "red_kayak_1080p": -4.626074368632372,
        "west_wind_easy_1080p": -2.1783124612857363,
        "controlled_burn_1080p": -4.391930906176533
      }
    },
    "vmaf_neg": {
      "mean": -11.192913243373818,
      "per_clip": {
        "aspen_1080p": -14.400233465832235,
        "red_kayak_1080p": -8.924251738306,
        "west_wind_easy_1080p": -7.385123881901889,
        "controlled_burn_1080p": -14.062043887455145
      }
    },
    "vmaf": {
      "mean": -18.982158286933046,
      "per_clip": {
        "aspen_1080p": -24.485540818077524,
        "red_kayak_1080p": -10.027556773792135,
        "west_wind_easy_1080p": -14.312589129036091,
        "controlled_burn_1080p": -27.102946426826435
      }
    }
  },
  "bd_per_tag": {
    "bg05": {
      "ssim": -3.0288995443505105,
      "vmaf_neg": -8.70345602762127,
      "vmaf": -14.616662372046033
    },
    "bg2": {
      "ssim": -2.9814088564098062,
      "vmaf_neg": -10.849690826381696,
      "vmaf": -18.686902321038552
    }
  }
}