{
  "tags": [
    "b2g05",
    "b2g2"
  ],
  "bd": {
    "ssim": {
      "mean": -3.0242171742256154,
      "per_clip": {
        "aspen_1080p": -3.7657971257420653,
        "red_kayak_1080p": -4.579875809668277,
        "west_wind_easy_1080p": 0.3726638397584914,
        "controlled_burn_1080p": -4.123859601250612
      }
    },
    "vmaf_neg": {
      "mean": -9.340705263219352,
      "per_clip": {
        "aspen_1080p": -11.656081159922405,
        "red_kayak_1080p": -6.68496479951568,
        "west_wind_easy_1080p": -5.764262149277233,
        "controlled_burn_1080p": -13.257512944162087
      }
    },
    "vmaf": {
      "mean": -15.571283403609955,
      "per_clip": {
        "aspen_1080p": -20.51379375170257,
        "red_kayak_1080p": -7.344574150916616,
        "west_wind_easy_1080p": -12.543960511436648,
        "controlled_burn_1080p": -21.88280520038399
      }
    }
  },
  "bd_per_tag": {
    "b2g05": {
      "ssim": -2.550023517997979,
      "vmaf_neg": -8.991677476408725,
      "vmaf": -15.015082377414991
    },
    "b2g2": {
      "ssim": -0.7215148942384592,
      "vmaf_neg": -9.415116331720725,
      "vmaf": -15.2390032639019
    }
  }
}