{
  "tags": [
    "enh0m",
    "enh3m"
  ],
  "bd": {
    "ssim": {
      "mean": -2.5536620716812344,
      "per_clip": {
        "blue_sky_1080p25": -1.3819735906621111,
        "pedestrian_area_1080p25": -2.707653986209102,
        "riverbed_1080p25": -1.1634556244377259,
        "rush_hour_1080p25": -4.416484556745415,
        "sunflower_1080p25": -2.675619748650504,
        "tractor_1080p25": -2.976784923382547
      }
    },
    "vmaf_neg": {
      "mean": -5.995880717654598,
      "per_clip": {
        "blue_sky_1080p25": -2.682447552062306,
        "pedestrian_area_1080p25": -7.964732330125523,
        "riverbed_1080p25": -3.6090152712867973,
        "rush_hour_1080p25": -7.45078168224037,
        "sunflower_1080p25": -7.172182197018506,
        "tractor_1080p25": -7.096125273194087
      }
    },
    "vmaf": {
      "mean": -8.070476965790354,
      "per_clip": {
        "blue_sky_1080p25": -1.944611585389422,
        "pedestrian_area_1080p25": -10.057111791436203,
        "riverbed_1080p25": -6.166906968623509,
        "rush_hour_1080p25": -12.308328703193405,
        "sunflower_1080p25": -10.65734685416173,
        "tractor_1080p25": -7.288555891937854
      }
    }
  }
}