{
  "tags": [
    "s1_0m",
    "s1_3m"
  ],
  "bd": {
    "ssim": {
      "mean": -2.447041117293325,
      "per_clip": {
        "aspen_1080p": -3.054161570468794,
        "red_kayak_1080p": -0.9978566392750854,
        "west_wind_easy_1080p": -1.5772125917299484,
        "controlled_burn_1080p": -4.158933667699472
      }
    },
    "vmaf_neg": {
      "mean": -6.680889689893762,
      "per_clip": {
        "aspen_1080p": -10.089257956852704,
        "red_kayak_1080p": -3.419648008696874,
        "west_wind_easy_1080p": -3.578727928733283,
        "controlled_burn_1080p": -9.63592486529219
      }
    },
    "vmaf": {
      "mean": -11.470016455845002,
      "per_clip": {
        "aspen_1080p": -16.196866800378785,
        "red_kayak_1080p": -4.8771184687049445,
        "west_wind_easy_1080p": -7.389949919946581,
        "controlled_burn_1080p": -17.416130634349702
      }
    }
  }
}