{
  "tags": [
    "enh0m",
    "enh3m"
  ],
  "bd": {
    "ssim": {
      "mean": -2.5329146192169274,
      "per_clip": {
        "aspen_1080p": -2.77814256843939,
        "red_kayak_1080p": -1.4367697106519306,
        "west_wind_easy_1080p": -2.100457682246326,
        "controlled_burn_1080p": -3.816288515530064
      }
    },
    "vmaf_neg": {
      "mean": -6.533494631823145,
      "per_clip": {
        "aspen_1080p": -8.830113846300359,
        "red_kayak_1080p": -3.547798383119738,
        "west_wind_easy_1080p": -4.356551629056426,
        "controlled_burn_1080p": -9.399514668816057
      }
    },
    "vmaf": {
      "mean": -10.92940298997716,
      "per_clip": {
        "aspen_1080p": -14.34546464383546,
        "red_kayak_1080p": -5.6068968274040065,
        "west_wind_easy_1080p": -7.513328218174243,
        "controlled_burn_1080p": -16.251922270494934
      }
    }
  }
}