{
  "codec": "av1",
  "bd": {
    "ssim": {
      "pooled": -3.303240408564509,
      "g05": -3.1168786166989646,
      "g2": -2.2190093460988383
    },
    "vmaf_neg": {
      "pooled": -7.8025260494501225,
      "g05": -7.5939232561707755,
      "g2": -6.792544949330398
    },
    "vmaf": {
      "pooled": -16.697392952597596,
      "g05": -15.738909357761745,
      "g2": -15.869070842580221
    }
  }
}