{
  "codec": "x265",
  "bd": {
    "ssim": {
      "pooled": -3.052942653910651,
      "g05": -2.898208776972525,
      "g2": -2.130425461289037
    },
    "vmaf_neg": {
      "pooled": -8.555107085782323,
      "g05": -8.09351100720312,
      "g2": -8.637331769239102
    },
    "vmaf": {
      "pooled": -16.98751506952253,
      "g05": -15.911182099874804,
      "g2": -16.182992255833746
    }
  }
}