{
  "base": "g2",
  "cands": [
    "identity",
    "g2:0.5",
    "g2:1",
    "g2:1.5",
    "g2:2",
    "g0.5_big",
    "g0",
    "g5"
  ],
  "bd": {
    "identity": {
      "psnr": 0.0,
      "ms_ssim": 0.0,
      "vmaf_neg": 0.0,
      "vmaf": 0.0,
      "ssim": 0.0
    },
    "g2:0.5": {
      "psnr": 4.100034985250545,
      "ms_ssim": -1.7042654536114754,
      "vmaf_neg": -7.049180951170808,
      "vmaf": -11.652206950309768,
      "ssim": -2.1779846890674968
    },
    "g2:1": {
      "psnr": 14.202730965685795,
      "ms_ssim": -2.5764041559761415,
      "vmaf_neg": -10.849690826381696,
      "vmaf": -18.686902321038552,
      "ssim": -2.9814088564098062
    },
    "g2:1.5": {
      "psnr": 26.002297411403127,
      "ms_ssim": -2.464268722790419,
      "vmaf_neg": -11.439352977689001,
      "vmaf": -23.21485411878929,
      "ssim": -1.6371737784770886
    },
    "g2:2": {
      "psnr": 38.5928446711861,
      "ms_ssim": -2.104586266990835,
      "vmaf_neg": -10.953661025453101,
      "vmaf": -27.430488115037875,
      "ssim": 1.1906332107469493
    },
    "g0.5_big": {
      "psnr": 4.631610509482987,
      "ms_ssim": -2.512941509220179,
      "vmaf_neg": -8.70345602762127,
      "vmaf": -14.616662372046033,
      "ssim": -3.0288995443505105
    },
    "g0": {
      "psnr": 3.841464735924715,
      "ms_ssim": -1.3894961554054674,
      "vmaf_neg": -3.9515122879293822,
      "vmaf": -6.70956051272656,
      "ssim": -2.1182741021774643
    },
    "g5": {
      "psnr": 9.601082472048155,
      "ms_ssim": -2.180722287912104,
      "vmaf_neg": -9.122478229839247,
      "vmaf": -14.484839233885138,
      "ssim": -2.1150975506162544
    }
  },
  "psnr_drop": {
    "identity": 0.0,
    "g2:0.5": 3.31993320181536,
    "g2:1": 3.3194245596714467,
    "g2:1.5": 3.65167896532693,
    "g2:2": 4.05778956431401,
    "g0.5_big": 3.1218498810142172,
    "g0": 2.869109727650052,
    "g5": 3.2300718500746726
  },
  "psnr_drop_med": {
    "identity": 0.0,
    "g2:0.5": 0.03555240922555569,
    "g2:1": 0.1821931707235862,
    "g2:1.5": 0.4624585194615207,
    "g2:2": 0.7513371729019163,
    "g0.5_big": 0.022936774438200302,
    "g0": -0.0035737265626742953,
    "g5": 0.13022805305241292
  }
}