{
  "qps": [
    22,
    27,
    32,
    37
  ],
  "codecs": [
    "x264",
    "x265",
    "av1"
  ],
  "arms": [
    "baseline",
    "g2_big",
    "g0.5_big"
  ],
  "bd": {
    "x264": {
      "g2_big": {
        "psnr": 31.254469025135272,
        "ssim": 1.6263282389982758,
        "ms_ssim": -1.2306093381376726,
        "vmaf_neg": -13.432309320245277,
        "vmaf": -28.44427450105091
      },
      "g0.5_big": {
        "psnr": 9.926300918215524,
        "ssim": -1.9029719424872833,
        "ms_ssim": -2.5462903075429115,
        "vmaf_neg": -11.840230018272528,
        "vmaf": -22.930429836528702
      }
    },
    "x265": {
      "g2_big": {
        "psnr": 49.16295658829573,
        "ssim": 11.856561283184229,
        "ms_ssim": 5.601571761704144,
        "vmaf_neg": -9.537093780458768,
        "vmaf": -38.017519572417505
      },
      "g0.5_big": {
        "psnr": 15.561285879543284,
        "ssim": 3.3796947673171127,
        "ms_ssim": 1.2502911694276808,
        "vmaf_neg": -9.342162238914408,
        "vmaf": -29.260105353316654
      }
    },
    "av1": {
      "g2_big": {
        "psnr": 108.38879452027996,
        "ssim": 23.528062582994604,
        "ms_ssim": 10.069221265423058,
        "vmaf_neg": -25.95437104925184,
        "vmaf": -25.42695392289366
      },
      "g0.5_big": {
        "psnr": 24.92471582470703,
        "ssim": 5.489146267795162,
        "ms_ssim": 1.1969922810726619,
        "vmaf_neg": -24.62946576460879,
        "vmaf": -37.95524480630918
      }
    }
  },
  "raw": {
    "x264/baseline": {
      "22": {
        "psnr": 42.709165750000004,
        "ssim": 99.67265,
        "ms_ssim": 0.99390675,
        "vmaf_neg": 97.3343,
        "vmaf": 98.0738005,
        "kbps": 19204.533333333333
      },
      "27": {
        "psnr": 39.780281,
        "ssim": 99.27144999999999,
        "ms_ssim": 0.9885984999999999,
        "vmaf_neg": 94.711463,
        "vmaf": 95.65951875,
        "kbps": 10167.365666666667
      },
      "32": {
        "psnr": 36.9132845,
        "ssim": 98.333275,
        "ms_ssim": 0.9779720000000001,
        "vmaf_neg": 87.32800499999999,
        "vmaf": 89.08931325,
        "kbps": 5553.619333333334
      },
      "37": {
        "psnr": 34.034127749999996,
        "ssim": 96.25874999999999,
        "ms_ssim": 0.95653625,
        "vmaf_neg": 73.2324495,
        "vmaf": 75.10166625000001,
        "kbps": 2920.515666666666
      }
    },
    "x264/g2_big": {
      "22": {
        "psnr": 40.664411,
        "ssim": 99.55962500000001,
        "ms_ssim": 0.9935350000000001,
        "vmaf_neg": 97.570539,
        "vmaf": 99.99601050000001,
        "kbps": 20027.02433333333
      },
      "27": {
        "psnr": 38.720132,
        "ssim": 99.234,
        "ms_ssim": 0.9889122499999999,
        "vmaf_neg": 95.70414625,
        "vmaf": 98.785102,
        "kbps": 10569.123
      },
      "32": {
        "psnr": 36.459773,
        "ssim": 98.445925,
        "ms_ssim": 0.97958825,
        "vmaf_neg": 90.33230449999999,
        "vmaf": 93.86694324999999,
        "kbps": 5785.578333333333
      },
      "37": {
        "psnr": 33.9179925,
        "ssim": 96.58959999999999,
        "ms_ssim": 0.96010175,
        "vmaf_neg": 76.841233,
        "vmaf": 80.65299200000001,
        "kbps": 3060.7819999999997
      }
    },
    "x264/g0.5_big": {
      "22": {
        "psnr": 41.956781500000005,
        "ssim": 99.6402,
        "ms_ssim": 0.99386025,
        "vmaf_neg": 97.66248675,
        "vmaf": 99.87522225000001,
        "kbps": 19711.469333333334
      },
      "27": {
        "psnr": 39.474203499999994,
        "ssim": 99.29090000000001,
        "ms_ssim": 0.98904225,
        "vmaf_neg": 95.62743425000001,
        "vmaf": 98.0478925,
        "kbps": 10437.191
      },
      "32": {
        "psnr": 36.86257525,
        "ssim": 98.45580000000001,
        "ms_ssim": 0.979333,
        "vmaf_neg": 89.74393675,
        "vmaf": 92.69646175,
        "kbps": 5713.841666666666
      },
      "37": {
        "psnr": 34.134848500000004,
        "ssim": 96.54477500000002,
        "ms_ssim": 0.959366,
        "vmaf_neg": 75.99372575,
        "vmaf": 79.09604425,
        "kbps": 3018.42
      }
    },
    "x265/baseline": {
      "22": {
        "psnr": 43.3255015,
        "ssim": 99.73294999999999,
        "ms_ssim": 0.9947079999999999,
        "vmaf_neg": 97.76440475,
        "vmaf": 98.44117700000001,
        "kbps": 18862.65466666667
      },
      "27": {
        "psnr": 40.4452545,
        "ssim": 99.42505,
        "ms_ssim": 0.9903095000000001,
        "vmaf_neg": 95.80450625,
        "vmaf": 96.72697674999999,
        "kbps": 9757.543666666668
      },
      "32": {
        "psnr": 37.71474375,
        "ssim": 98.7541,
        "ms_ssim": 0.98217125,
        "vmaf_neg": 91.08173574999999,
        "vmaf": 92.74131875,
        "kbps": 5357.507333333333
      },
      "37": {
        "psnr": 34.87548275,
        "ssim": 97.249625,
        "ms_ssim": 0.96592525,
        "vmaf_neg": 79.32255074999999,
        "vmaf": 81.81097875,
        "kbps": 2876.88
      }
    },
    "x265/g2_big": {
      "22": {
        "psnr": 41.0489855,
        "ssim": 99.59969999999998,
        "ms_ssim": 0.99413225,
        "vmaf_neg": 97.879922,
        "vmaf": 100.0,
        "kbps": 19763.129
      },
      "27": {
        "psnr": 39.15120675,
        "ssim": 99.317775,
        "ms_ssim": 0.9899865,
        "vmaf_neg": 96.3614075,
        "vmaf": 99.59622150000001,
        "kbps": 10150.344000000001
      },
      "32": {
        "psnr": 37.02406575,
        "ssim": 98.71837500000001,
        "ms_ssim": 0.982488,
        "vmaf_neg": 92.79923300000002,
        "vmaf": 96.64036974999999,
        "kbps": 5574.787333333334
      },
      "37": {
        "psnr": 34.564848,
        "ssim": 97.34459999999999,
        "ms_ssim": 0.96736025,
        "vmaf_neg": 82.046022,
        "vmaf": 87.27169574999999,
        "kbps": 3010.9643333333333
      }
    },
    "x265/g0.5_big": {
      "22": {
        "psnr": 42.443212,
        "ssim": 99.688625,
        "ms_ssim": 0.9945295,
        "vmaf_neg": 98.00135975,
        "vmaf": 99.997648,
        "kbps": 19354.942666666666
      },
      "27": {
        "psnr": 40.015715,
        "ssim": 99.40195,
        "ms_ssim": 0.99035025,
        "vmaf_neg": 96.370313,
        "vmaf": 99.02840425,
        "kbps": 10016.931666666665
      },
      "32": {
        "psnr": 37.52147675,
        "ssim": 98.77742500000001,
        "ms_ssim": 0.9826405,
        "vmaf_neg": 92.5073955,
        "vmaf": 95.71160449999999,
        "kbps": 5503.6286666666665
      },
      "37": {
        "psnr": 34.832069749999995,
        "ssim": 97.361875,
        "ms_ssim": 0.9671905,
        "vmaf_neg": 81.44311175,
        "vmaf": 85.79332775,
        "kbps": 2967.6586666666667
      }
    },
    "av1/baseline": {
      "22": {
        "psnr": 41.91040975,
        "ssim": 99.57117499999998,
        "ms_ssim": 0.992423,
        "vmaf_neg": 96.60487724999999,
        "vmaf": 97.44875125,
        "kbps": 11429.743666666667
      },
      "27": {
        "psnr": 40.7981355,
        "ssim": 99.426625,
        "ms_ssim": 0.990491,
        "vmaf_neg": 95.84362349999999,
        "vmaf": 96.78167325,
        "kbps": 8527.174666666668
      },
      "32": {
        "psnr": 39.653487,
        "ssim": 99.20732500000001,
        "ms_ssim": 0.9877845000000001,
        "vmaf_neg": 94.52597525,
        "vmaf": 95.70337799999999,
        "kbps": 6281.900333333333
      },
      "37": {
        "psnr": 38.491220250000005,
        "ssim": 98.8711,
        "ms_ssim": 0.98394025,
        "vmaf_neg": 91.8614785,
        "vmaf": 93.29268549999999,
        "kbps": 4491.889333333333
      }
    },
    "av1/g2_big": {
      "22": {
        "psnr": 40.198477000000004,
        "ssim": 99.482725,
        "ms_ssim": 0.9922165,
        "vmaf_neg": 97.02260275,
        "vmaf": 99.89276575,
        "kbps": 11873.644
      },
      "27": {
        "psnr": 39.458281,