{
  "winner": "ridge_a100",
  "scores": {
    "mean_s": 1.3020137989744187,
    "ridge_a50": 1.3337284356482373,
    "ridge_a75": 1.3485743234293306,
    "ridge_a100": 1.3630194865976568,
    "knn": 1.3014722982039704,
    "mlp": 1.3268547575508611
  },
  "table": {
    "mean_s": {
      "8": 1.2605368905108922,
      "20": 1.3434907074379452
    },
    "ridge_a50": {
      "8": 1.2984078647085717,
      "20": 1.3690490065879026
    },
    "ridge_a75": {
      "8": 1.3075028412432714,
      "20": 1.3896458056153898
    },
    "ridge_a100": {
      "8": 1.3342370903862486,
      "20": 1.3918018828090652
    },
    "knn": {
      "8": 1.2813072820069509,
      "20": 1.32163731440099
    },
    "mlp": {
      "8": 1.3008777455243066,
      "20": 1.352831769577416
    }
  },
  "oracle_holdout": {
    "8": 1.74253972880405,
    "20": 1.4489642151608746
  },
  "ridge_lam": 1000.0,
  "cv_mse": {
    "1.0": 0.015789531277921796,
    "10.0": 0.013860539731424149,
    "100.0": 0.012925421371080437,
    "300.0": 0.012670340039824063,
    "1000.0": 0.012504723171555954
  },
  "n_train_rows": 326,
  "n_holdout_rows": 80
}